
rash@198.133.159.139:rashrash
rachita.saxena2011@vit.ac.in:iwannagotoparis mail.vit.ac.in


jcampbe5@lakeheadu.ca:independant bsmtp.lakeheadu.ca
paul@realisestudio.com:hello11 mailgate.realisestudio.com


letsgo@rocknhostel.com:e5b2q9a4 mail.pickelhost.com



sadhana.jain@mistmandsaur.org:123456 ns2.mistmandsaur.org

shahidpiet7@poornima.org:barahpura

sachin@niiftech.com:omsairam spmx4.googlemail.com

12dit073@nirmauni.ac.in:niki123 aspmx2.googlemail.com
12dce028@nirmauni.ac.in:vidhijini aspmx2.googlemail.com

waseem.mughal@kics.edu.pk:lahore123 aspmx4.googlemail.com


nishant.shukla@tops-int.com:123456 ALT1.ASPMX.L.GOOGLE.com


gaurav@tops-int.com:gaurav ALT1.ASPMX.L.GOOGLE.com


manishsharma@tops-int.com:123456789 ALT1.ASPMX.L.GOOGLE.com


pavan@atrance.com:9900Onelove mail.pickelhost.com


vinoth.v2011@vit.ac.in:jayaraja mail.vit.ac.in

11BCE166@nirmauni.ac.in:TechnoInnova alt2.aspmx.l.google.com


srkprasad@honeysoftsolutions.in:ramasiva aspmx2.googlemail.com


brijesh.pandey@tops-int.com:anchalpandey ALT1.ASPMX.L.GOOGLE.com


dfawais@awais.com:pakistan.jk:gfg alt1.aspmx.l.google.com

hieunguyen@xuanngoc.com.vn:trunghieu1 ASPMX.L.GOOGLE.COM


seo@shivit.com:seo aspmx2.googlemail.com


hanafi@pcomtech.com:ley21856 ALT1.ASPMX.L.GOOGLE.com


ashfaq_ahmad@xintsolutions.com:morphies alt1.aspmx.l.google.com

ga18354@seeu.edu.mk:123456 aspmx.l.google.com

rashid.khan@crest-premedia.in:Alliswell


tejas@sahyadrifarms.com:89868986

bc120200435@vu.edu.pk:alialiali

adm_maheshwari@gtu.edu.in:gtu123123

thomas@arabgatetech.com:123456


chinar@blackcurrant.in:123456


rishabh.1210130@kiet.edu:rish1281


archie@softaculous.com:password_0

hawar.sharif@univsul.net:123456 198.133.159.122

krishna.rathore@aplitetech.com:123456


hemant@drinity.com:hemant7773

robert.ouko@students.jkuat.ac.ke:0718667391

10bce162@nirmauni.ac.in:9067809022


jithu@alfinesolutions.com:jithu123


suraj@pcsjob.com:ADITYA007


k122025@nu.edu.pk:asdasd420

datta.d@jaro.in:12543672 mail.jaro.in



sneha.singh@dtu.co.in:9891916415

dakshesh@tops-int.com:jayvirbavji

steffi@jrberrysearchgroup.com:Password1
jessica@jrberrysearchgroup.com:Tulip809
danielle@jrberrysearchgroup.com:Flores847
jessica@Jrberrysearchgroup.com:Tulip809
stephanie@baypointpg.com:charlie400
jtaylor@accumetrx.com:Strawberry1
